Model,Accuracy,Precision,Recall,F1-Score,AUC-ROC
DT,0.8940568475452196,0.8571428571428571,0.851063829787234,0.8540925266903915,0.8848815083895519
SVM,0.8914728682170543,0.8235294117647058,0.8936170212765957,0.8571428571428571,0.9354782909531223
NB,0.7286821705426356,0.6125,0.6950354609929078,0.6511627906976744,0.8250591016548464
LR,0.8242894056847545,0.7134502923976608,0.8652482269503546,0.7820512820512819,0.9053796920947933
RF,0.9457364341085271,0.9411764705882353,0.9078014184397163,0.924187725631769,0.9400334428876204
Ensemble,0.9121447028423773,0.8543046357615894,0.9148936170212766,0.8835616438356164,0.0
